employee_id,name,job_title,email,phone_number,hire_date,salary
392,Daniel Jackson,Learning mentor,clucas@evans.com,674.839.2480x2695,2023-03-02,9266
65,Amanda Walker,Water quality scientist,jennifermadden@reeves.com,545-454-3672x8154,2023-11-21,71226
105,Douglas Brooks,Ship broker,pamela22@wright-adams.com,351.624.4892x0077,2024-05-19,13745
335,Janet Mora,"Engineer, maintenance (IT)",tinajenkins@peterson.com,+1-755-978-3433,2022-04-23,98792
133,Mrs. Andrea Berg MD,Event organiser,williamsreginald@james.com,370-528-6754x4579,2022-03-10,85486
16,William Scott,Make,alyssabrown@williams.biz,843.721.1487x3433,2022-03-30,41348
112,Patricia Schmidt,Chartered certified accountant,raymondsmith@conway-mooney.com,(882)607-5835x6496,2021-02-09,67877
228,Joyce Dalton,"Designer, television/film set",barrymeagan@chen-mejia.com,374-887-2951x277,2022-04-26,17501
5,Michelle Davis,Sports therapist,ksmith@jenkins.biz,(201)823-1467x4876,2023-05-24,81583
343,Richard Preston,"Sales professional, IT",jimmy61@ward.com,604-813-0012x324,2023-07-31,71957
462,Sonia Reid,Charity fundraiser,staceyadams@shah-wallace.biz,889.285.5978x084,2020-07-03,84869
56,Susan Buchanan,Pensions consultant,ryansmith@silva.com,(229)329-0708x4276,2023-03-25,53937
421,Lori Banks,Landscape architect,martinthomas@cummings.com,385-294-2794,2020-11-09,7996
124,William Solomon,Research scientist (medical),martinjesse@aguilar.biz,001-746-896-9895,2021-11-24,43311
223,Danielle Patrick,"Designer, ceramics/pottery",briggsclaire@cox.com,(545)245-1717x01721,2023-01-31,24476
143,James King,Materials engineer,matthew18@mckinney.com,001-483-505-7955x887,2021-04-20,11077
245,Jonathan Conrad,Medical technical officer,nathan76@brady.com,(656)739-3528x3630,2021-08-21,26974
249,Alyssa Brown MD,Water quality scientist,pearsonmatthew@sullivan-wood.com,815-232-6701x015,2020-10-08,89408
49,Nancy Martinez,Electronics engineer,stephanielowe@castro-parker.com,(408)958-8316x35295,2021-12-26,97463
440,Joseph Brown,"Administrator, local government",stanleyandrea@brewer.org,(723)397-0892x1649,2021-02-28,31713
442,Daniel Smith,"Administrator, arts",robertsonmichelle@kent-deleon.biz,(804)498-0404x34673,2021-03-15,29453
70,Zachary Gay,"Engineer, petroleum",davidchang@li.info,+1-893-224-5178x478,2020-12-12,96378
177,Taylor Higgins,Bonds trader,oduncan@fowler.com,544.815.5618,2023-07-14,77921
53,Michael Smith,Chartered loss adjuster,cooknicole@alvarez.com,941-311-8033x310,2023-05-21,57706
354,Daniel Gonzales,Special educational needs teacher,andersonsean@brown.net,351-559-5878,2020-12-28,76881
216,Donald Martinez,Professor Emeritus,qochoa@barrett.com,001-689-999-9355x600,2023-03-03,75148
432,Nathan Leach,Travel agency manager,zarnold@hill.com,276-608-8106,2020-10-10,74724
349,Kellie Thompson,"Designer, textile",joseph41@adams-hansen.com,806.353.4630x362,2022-04-20,32288
358,Susan Floyd,"Surveyor, insurance",xjohnson@powell.com,001-386-873-6948x439,2024-05-10,36481
366,Brian Jacobs,Freight forwarder,moralesjudy@smith-fritz.biz,4174708504,2024-06-18,73285
489,Sean Andrews,Cytogeneticist,larsontracey@morales.com,613-785-5493x317,2020-04-12,39772
159,Tiffany Morgan,"Nurse, learning disability",keithsullivan@williams-olsen.com,964.394.6438x38572,2023-05-30,9047
272,William Wright,Psychiatric nurse,charles78@anderson-johnson.com,439-223-2626x2603,2023-09-14,70799
499,Victor Wyatt,Geoscientist,kayla71@phillips.com,828-890-3830,2024-02-08,64662
182,Alicia Allen DVM,Operational researcher,emullins@morales-pitts.com,+1-337-535-1826x071,2023-11-03,58474
416,Jessica Carter,Medical physicist,tmorgan@johnson.com,636-593-0741,2021-04-08,36387
480,James Allen,Building surveyor,lclay@garcia.com,438-804-3981,2023-08-25,5861
61,Kathryn Ferrell,Commercial/residential surveyor,kristinafernandez@martin-garcia.com,431.686.5955,2021-12-05,91367
102,Connor Bradley,Armed forces operational officer,vnelson@mccarty-hanson.net,(711)909-3044,2021-06-14,26128
300,Lisa Parker,Professor Emeritus,karina23@chavez.com,691-500-4198,2024-01-30,83812
175,Amber Valdez,IT trainer,martinlopez@mason.com,+1-488-363-5071x6258,2022-09-11,80610
107,Mrs. Sarah Williams MD,Herbalist,wadetony@stevens.org,9383329157,2023-10-08,18622
450,John Ford,"Scientist, research (medical)",kbrown@ryan.org,924-508-0530x503,2023-03-09,380
227,Ricky Johnson,Chemical engineer,thomasmerritt@miller.com,+1-546-474-0619x59787,2020-10-14,91081
283,Frederick Young,"Therapist, occupational",qcollins@murray.com,+1-859-605-9724,2024-04-23,3392
477,Kimberly Jackson,Civil Service fast streamer,george52@thompson.com,001-812-743-1622,2022-11-10,46010
11,Morgan Jones,Site engineer,dianerollins@ramos.com,+1-802-622-6098,2022-08-26,26554
315,Pamela Johnson,Archivist,yesenia28@johnson.net,(659)660-2293,2020-04-12,4458
261,Alexis Reese,Agricultural consultant,igeorge@carter.info,001-601-552-2977x35127,2022-08-05,49937
148,Katrina Ortega,Estate agent,courtneygalvan@le.info,+1-462-520-0635x1179,2024-05-26,15663
325,Marcus Chambers,Systems analyst,scott39@knight.com,(847)932-3893x9992,2020-12-14,66187
451,Erika May,Dancer,webermichelle@briggs.com,(662)394-1591,2021-03-10,78450
179,Ann Young,Make,rachel66@hicks-lewis.info,719.355.1215x30860,2021-08-30,79335
111,Emily Crawford,Special educational needs teacher,serranokatrina@gonzales.com,001-201-250-8558x50021,2021-05-18,19362
120,Sabrina Bailey,Optometrist,npatel@hutchinson-green.biz,694.214.8222,2021-04-10,70131
43,Christine Herring,Health physicist,wadams@mcdonald.com,001-703-536-8253x8882,2020-04-11,71314
425,Tammy Hoffman,"Engineer, drilling",allisonshaw@robinson.com,(291)470-5520x762,2023-10-15,70825
390,Terri Kim,Pharmacologist,dwayne15@moreno-fowler.com,(978)951-2825x8243,2022-03-23,26837
423,Jonathan Schmidt,"Engineer, energy",espinozajessica@moore.com,001-490-339-7793x2150,2022-03-05,33700
244,Jessica Nguyen,"Research officer, government",leslie46@mercer.biz,4435382989,2021-10-22,62656
208,David Beck,Stage manager,oliviabrown@holland-ayala.com,415.236.2213x612,2021-08-19,83757
373,Daniel Owens,Physiological scientist,angelajones@willis.net,+1-845-469-4226x941,2021-05-12,18520
248,Amy Ashley,Hydrogeologist,patrick91@petty-grant.com,489.689.2093x373,2023-09-11,83731
80,Carmen Lindsey,"Engineer, water",yalvarado@bartlett-martinez.com,(451)535-2054,2023-06-02,54227
215,Erica Cobb,Financial trader,brendawallace@edwards.com,(583)706-6373x41739,2020-12-17,69905
333,John Cruz,Community education officer,bnolan@moore.org,455.733.8574x8061,2020-10-03,33694
217,Sarah Owens,Tree surgeon,jpena@gonzalez.org,(350)758-5241x7364,2022-12-06,72284
163,Diane Smith,Plant breeder/geneticist,anthonywilson@reyes.com,(253)420-4048x9749,2023-08-22,95942
138,Jason Williams,"Designer, graphic",martinmark@barnes-rogers.biz,522-351-3466x00618,2024-03-23,87304
326,Samantha Allen,Curator,sarah09@holland-mcdonald.com,(301)401-6244x61851,2023-09-14,20703
265,Jason Brown,Marine scientist,stonedon@deleon.biz,753.924.9943x505,2023-12-09,79316
58,Kevin Shields,"Designer, jewellery",brenda69@hurley-hernandez.biz,519.787.6911x366,2020-01-06,74288
255,Reginald Navarro,Graphic designer,kelseywest@pacheco-watson.com,(293)378-4609,2020-07-28,53588
370,Richard Odom,Public relations officer,randerson@powell.com,001-610-303-9349x09893,2022-09-12,9388
211,Kimberly Anderson,Warehouse manager,bking@clark-wilson.com,693-922-1338,2021-01-06,75380
309,Jesse Boyd,Marketing executive,ashleytaylor@smith.com,001-362-616-5518x431,2024-05-18,74685
338,Cassandra Moreno,Health and safety adviser,bowmancindy@olsen-harris.com,(315)277-2370x05315,2020-06-23,77034
361,Angela Thompson,"Scientist, research (physical sciences)",kelli29@smith-nguyen.org,(655)397-0959x15222,2020-12-09,32260
98,Brandon Stanley,Fitness centre manager,anthonyjulie@mason.com,829.794.5217x906,2020-08-10,81215
229,Jeffery Lee,Optometrist,renee13@christian.org,+1-861-518-4664,2020-07-11,81280
194,Eric Patterson,Gaffer,bdyer@burch.com,+1-792-889-4596x1552,2022-03-13,31648
299,Chelsea Smith,Medical secretary,jennifertaylor@rivas-erickson.org,+1-794-323-2019x8073,2022-11-21,18154
149,Joseph Yang,"Engineer, automotive",theodorejohnston@gomez.com,431-463-1801x4363,2021-04-30,94519
362,Andrew Vasquez,Geochemist,fnguyen@sanchez.com,001-729-265-6422x3072,2021-07-12,47802
59,Lisa Hahn,"Research officer, government",claytonmichelle@torres.net,710-688-9016,2022-10-17,41741
87,Melissa Mcgee,Community development worker,edwin91@williams.com,634-610-8486x002,2023-11-04,54798
385,Melissa Graham MD,"Research officer, trade union",danielamber@hanson-klein.biz,638.375.0265x8054,2020-04-04,30559
319,Abigail Hubbard,"Conservator, furniture",joseph73@cook.org,559-492-3133x2381,2023-07-15,81077
99,Jennifer Perry,Financial risk analyst,youngjeffrey@harvey.com,(501)734-9879x35806,2022-12-07,43701
352,Douglas James,Retail buyer,pjones@williams.com,453-775-6178,2023-12-23,14247
6,Michael Galloway,Chartered public finance accountant,smithchristina@taylor-joseph.com,(532)916-9742,2020-08-28,99657
10,Brian Mcgee,Immunologist,jennifer35@watson.net,321-727-3619x817,2023-01-05,46460
67,Brandon Hood,"Engineer, energy",lyoung@castro-robinson.com,266.961.7776,2020-06-03,1314
395,Ian Singleton,"Designer, television/film set",reyesgreg@shaffer-ramirez.com,598.276.7072x264,2022-11-06,94397
305,Jessica Garcia,Estate agent,cynthiamitchell@phillips.com,+1-203-282-2302x53221,2022-02-12,63663
101,Christopher Carrillo,Radio producer,keithwoodward@walker.com,(296)297-3271,2020-11-28,99789
377,Cristian Roy,"Engineer, electrical",dmatthews@zamora.info,399-905-7201x1370,2022-12-07,98150
83,Kaitlin Harper,"Civil engineer, contracting",hector20@murphy.biz,001-720-648-7887x58386,2021-07-12,46862
130,Kathleen Arellano,Banker,katiewilliams@rice.biz,629.968.0936,2020-01-06,16326
141,Matthew Alvarado,"Engineer, automotive",rdonaldson@mendoza.com,580-418-0907x680,2023-05-27,22206
207,Anthony Hamilton,Dramatherapist,cbailey@richmond-jackson.com,649.757.6927x4574,2022-05-20,91730
145,Mark Ford,"Production assistant, radio",nicholegarza@anderson.com,584-350-3718,2023-08-16,3624
476,Ashley Phillips,"Therapist, drama",thomas33@chen.info,6387480994,2022-04-07,75963
422,Jonathan Kelly,Water quality scientist,andrewmeyer@watts-johnson.com,282.751.9176,2024-03-24,97710
203,Cynthia Solis,"Scientist, biomedical",abaxter@bond-brown.com,(252)547-8784,2020-05-20,62617
173,Jeffrey Bailey,Plant breeder/geneticist,samuel25@thomas.com,001-684-241-5381x20526,2020-09-02,26286
386,James Walker,Civil Service administrator,hawkinsjaclyn@harrison.com,358-201-2134x12099,2022-12-01,11847
287,Kenneth Brown PhD,Exercise physiologist,vjones@carpenter-gonzales.org,001-751-734-6345x73797,2023-09-22,40901
23,Angela Ortega,"Librarian, academic",osaunders@wilson.com,(681)412-9795x956,2022-08-07,17137
131,Stephanie Harper,Maintenance engineer,john56@boyd.org,440-857-8883x628,2024-01-17,30212
455,Sandy Sanchez,Database administrator,kelleycolleen@dalton.com,879.715.2311,2020-12-02,40821
22,Christopher Hanson,"Conservator, furniture",erodriguez@hebert.com,492.776.7476x202,2024-03-02,89423
35,Jesse Osborne,"Investment banker, corporate",mcintoshhannah@schmidt.com,9989341849,2022-10-14,90190
458,George Nguyen,"Engineer, civil (consulting)",carrollamy@brown.com,+1-525-248-6371,2022-12-31,81228
84,Jasmine Rodriguez,Technical author,snyderroberto@ramos-hernandez.com,001-872-966-7814x3658,2023-10-13,36137
164,Brenda Dominguez,Estate manager/land agent,tonya03@hall-davis.com,(962)276-9013,2022-12-04,38010
446,Edward Gonzalez,Translator,dmiller@gonzalez.info,239.326.0995,2021-09-18,5081
234,Emma Willis,"Biochemist, clinical",williamshelen@farmer-burton.org,(960)520-1529x30419,2020-01-24,53445
445,Thomas Johnson,"Embryologist, clinical",kmcdonald@reeves.info,643-760-2862x611,2022-01-24,96831
355,Shawn Brown,Charity officer,monica26@wilkins.com,001-663-646-5372,2024-04-12,89479
77,Philip Watson,"Psychologist, prison and probation services",pgonzalez@garza.com,+1-727-433-2752,2022-05-31,39720
360,William Flores,Medical illustrator,jenniferbarker@trujillo.com,564.950.2154x52835,2024-01-13,80312
428,Brent Simmons,Social worker,christinefaulkner@gilmore.com,(232)585-0714,2020-04-06,5003
146,Nancy Craig,"Teacher, primary school",shawnjohnson@smith-nelson.com,+1-418-570-4246x7734,2024-03-16,46089
294,Jaime Mendoza,"Nurse, learning disability",tiffany19@glenn-graves.biz,474.675.4811,2021-04-09,69493
288,Nicole Carter,Forensic psychologist,tonyadavis@moore.com,275-956-8793x864,2024-01-06,45995
147,Katherine Washington,Armed forces training and education officer,liustefanie@stanley.com,+1-475-923-6922x97232,2020-05-25,30879
192,Brooke Pearson,Geoscientist,jjohnson@kerr-cummings.com,466.436.6748x9696,2021-06-14,17181
252,Erica Baird,Clinical molecular geneticist,henrybriana@escobar-terrell.com,6155369769,2023-03-22,45148
444,Austin Smith,Photographer,turnercrystal@park.com,001-516-768-5104x61483,2022-02-07,86556
374,Valerie Lopez,Chemical engineer,christinamorales@cooper-gonzalez.com,001-612-287-3502x1032,2024-01-26,37825
52,Johnny Martinez,"Geneticist, molecular",lauren78@simon.com,001-511-564-7265,2024-03-14,86564
375,Andrew Adams,"Engineer, communications",cabreramark@dodson-travis.com,768.796.6873x7876,2021-08-13,49730
306,Courtney Sloan,Pathologist,acobb@carpenter.com,570.460.5916x4876,2021-11-26,23668
258,Brian Martin,Educational psychologist,fchavez@castro-martinez.com,(669)223-8961x146,2022-11-16,66059
383,Cindy Weiss,Psychiatric nurse,zachary17@luna-evans.info,(242)220-0699x3273,2021-08-10,56315
329,Alexander Vaughan,Stage manager,karen54@anderson.biz,390.293.8348,2022-02-10,50769
257,Deborah Hernandez,Insurance risk surveyor,dallen@wagner-gardner.com,001-568-939-5466x51380,2023-11-04,14444
79,Richard Banks,Field seismologist,thomas53@ramirez.biz,986.821.6960x584,2024-01-26,8738
290,Daryl Nicholson,Analytical chemist,michelle15@jones.info,001-235-568-0925x3632,2023-05-01,20987
140,Michael Kennedy,Special effects artist,gabrielle54@jones.org,508-788-2245,2021-01-27,56739
251,Ryan Wang,Surgeon,rsalazar@english.com,974.236.9937,2021-02-20,4492
157,Glenda Martinez,Garment/textile technologist,russellmandy@arroyo.net,461-641-7017x22585,2020-01-03,25669
214,Megan Bentley,Probation officer,mark48@kim.org,001-746-329-2975x65921,2024-05-29,15593
206,Eric Allen,Higher education careers adviser,ejones@ray-winters.com,001-779-726-9003,2021-08-01,12707
106,Elizabeth Caldwell,Animator,drios@alvarez.com,635-356-2930x0544,2022-07-05,47012
184,Becky Freeman,Sport and exercise psychologist,jonesnicole@gregory-stevens.com,6943772689,2021-06-15,61463
186,Natalie Vega,"Engineer, electrical",maryhernandez@yu-pollard.com,932.554.5961,2020-04-16,25442
114,Larry Ruiz,Marine scientist,lauren18@collins.info,7696516469,2021-06-01,23372
437,Amy Keller,Theatre director,kennedykathleen@byrd.com,559-991-2666,2023-05-23,6546
500,Andrea Hunt,Learning mentor,perezthomas@vasquez-martin.org,(294)268-0596x234,2020-12-10,17409
405,Laurie Alvarado,Meteorologist,eddie94@klein-smith.com,564.403.8493x7125,2024-02-26,34358
277,Daniel Jackson,"Development worker, community",robinsonlee@williams-smith.com,225.824.1734,2023-05-04,79400
62,Alexis Chambers,Retail merchandiser,hesscarol@bauer.org,541-770-9324x716,2023-05-07,80197
482,David Schaefer,"Buyer, industrial",susan83@floyd.org,(903)589-3716x05404,2023-11-18,11100
491,Samuel Johnson,Audiological scientist,bgarza@harris.info,(444)249-0586x2091,2021-11-06,92207
307,Elizabeth Smith,Advertising art director,anthonymarshall@sherman-jackson.com,+1-653-457-2829,2020-12-31,21989
231,Christopher Fleming,"Designer, exhibition/display",chenkimberly@mueller-kennedy.com,3698268581,2021-02-25,23273
431,Timothy Shaw,Intelligence analyst,connergeorge@trevino.com,669.831.3665x0045,2020-09-16,29740
486,Patrick Ferguson,Recruitment consultant,woodnicholas@santos.com,667-302-9175,2021-08-19,2233
246,Brian Adams,Scientific laboratory technician,timothylin@pace-acevedo.biz,(991)929-1108x8696,2024-06-21,53994
20,Shawn Robinson,Pensions consultant,wjefferson@smith-lewis.org,+1-743-490-4120x893,2020-02-25,55885
336,Deborah Delgado,Aeronautical engineer,phillipsjudy@lopez-hill.com,315.748.5873x011,2022-08-02,68596
74,Tina Nelson,Associate Professor,rhodesronald@griffin.net,+1-465-235-1114,2023-01-08,46691
368,Gloria Snyder,"Production designer, theatre/television/film",xcannon@acosta.com,515-527-4951x03511,2020-07-30,27379
406,Sean Nelson,Patent examiner,ebrown@myers.com,629-395-0956x90754,2020-04-05,89630
218,Austin Nash,Medical laboratory scientific officer,clarkeshawn@roman.com,(269)897-8280,2024-01-07,38102
81,Richard Clark,Ceramics designer,rachel55@underwood.com,829.974.2645,2022-11-22,40673
295,Kathryn Smith,"Administrator, Civil Service",npatrick@jacobs-chandler.com,346-581-7428,2020-07-12,66631
270,Mr. Grant Moore,Hydrogeologist,jacquelinelee@dougherty.com,(321)604-7098x68926,2020-10-28,44749
262,Patrick Barrera,Chartered management accountant,mevans@riley.info,431.983.7665x374,2024-03-21,76578
212,James Burch,Chartered certified accountant,clarkedevon@santos-hebert.com,297-578-5053x7243,2021-09-06,60326
398,Adam Williams,"Investment banker, corporate",tara77@shaw-tran.net,+1-662-950-5384x0192,2023-02-07,39073
284,Troy Bender,Environmental health practitioner,troyross@berger.com,819.856.5545x5683,2022-02-06,33257
389,Amanda Wilson,Armed forces training and education officer,elizabeth32@carlson-bolton.net,(897)461-2292,2023-10-23,27894
154,Heather Armstrong,Tax adviser,kristen24@graham.com,+1-754-374-2561x55496,2022-04-23,97942
273,Donald Gallagher,Government social research officer,bensonbruce@marquez.com,001-953-210-9067x4975,2023-02-04,18779
394,Terri Murphy,Warehouse manager,harrisgarrett@pena.com,380.885.4087,2023-07-30,88356
66,Anthony Holden,Biomedical scientist,bishopteresa@franco.biz,(765)937-3814,2020-11-21,23173
460,Jared Hansen,Music tutor,javierjohnson@rodriguez.net,633-456-2260x5512,2020-06-08,94789
316,Jeremy Walker,Radio broadcast assistant,vanessaschwartz@gutierrez-williams.org,773-325-6485x3947,2024-02-01,46778
313,Mrs. Heather Newman DDS,"Development worker, community",natasha38@johns.com,+1-918-627-2930x43212,2023-06-09,80538
479,Patrick Alexander,Medical secretary,alexandragarcia@hall-brown.com,976.888.2317x8677,2024-03-09,59398
165,Megan Carter,Retail buyer,sean55@zamora.org,(670)621-7859x69955,2024-01-23,36567
409,Isaac Moyer,Telecommunications researcher,hannahzimmerman@carpenter.com,(421)452-6294x998,2020-05-20,60333
189,Jasmine Walsh,"Administrator, local government",timothy04@robertson-williams.com,(856)978-6603x240,2022-05-07,82817
448,John Barnett,Fashion designer,robinwatson@porter-lyons.info,873-688-0372,2021-03-07,50468
275,Jose Sullivan,Technical sales engineer,blackteresa@miller.com,756-463-6182x30479,2024-04-02,32460
9,Matthew Rivera,Clinical molecular geneticist,bradshawnathan@rivera-robertson.net,001-597-721-6716x9131,2023-05-15,87
226,Thomas Torres,"Administrator, education",ejoseph@kelley.com,(331)242-0888,2020-03-03,71308
122,Edgar Mcgee,"Radiographer, diagnostic",thenderson@boyd.com,(523)636-3623x61455,2023-04-22,29110
278,Natalie Jones,Information officer,oreynolds@berry.com,461-738-5571,2023-06-06,14843
237,Shawn Ray,Cytogeneticist,evan96@palmer.com,580.387.1572,2024-03-20,52106
100,Tammy Brooks,Industrial buyer,wjohnson@stewart.com,717-910-4587x9304,2020-01-04,63629
301,Jaclyn Johnson,Wellsite geologist,beancynthia@woods-bennett.com,929-737-8479,2022-02-28,69984
487,Victoria Mitchell,"Accountant, chartered public finance",stricklandemily@sutton.org,(920)899-3471,2020-05-20,82415
195,Curtis Williams,Landscape architect,rnewman@donaldson-maldonado.com,+1-397-934-0640x8548,2022-01-29,88313
233,Jeffrey Chavez,Special educational needs teacher,keywilliam@lopez.net,460-372-9374x585,2022-07-31,9457
494,William Robinson,Operational researcher,kara80@lee-nguyen.net,+1-653-271-6333x78276,2020-05-23,98433
153,Ian Lopez III,TEFL teacher,rford@henry.com,001-710-238-2564x8970,2020-07-10,67544
465,Leah Robinson,Wellsite geologist,karenharris@gonzalez.com,001-227-245-4351x09416,2023-03-27,14898
38,Jimmy Heath,Physiological scientist,tina97@pugh.com,(405)212-3621,2020-03-21,53867
464,John Pitts,Careers information officer,anthonyparker@lee.com,662-283-5823x05999,2021-07-20,71252
475,Jessica Smith MD,Travel agency manager,danasmith@perez-hull.biz,(628)992-8775x5379,2021-02-03,40530
136,Stacy Perez,Television camera operator,perryelijah@lopez.net,424-713-0803x785,2020-01-08,43103
365,David Hill,Theatre manager,eric77@hale-dickerson.com,7258627659,2023-04-24,90972
161,Rebecca Jimenez,Patent examiner,reginawells@dunn-brown.info,001-404-841-8010,2020-05-10,10956
3,Teresa Rodriguez,Tax adviser,kathryn25@white.com,347.417.1002x7263,2021-12-03,88845
388,Anthony Decker,Clothing/textile technologist,sethanderson@levine.com,+1-597-630-3480x395,2022-01-12,7955
492,Andrew Parker,Media planner,kayla95@carlson-miller.com,+1-603-750-4732x889,2023-05-08,5834
243,Monica Robinson,"Accountant, chartered certified",isaiah89@anderson-castillo.com,(841)438-7874x1834,2020-02-20,34867
403,Heather Whitaker,"Scientist, biomedical",megan57@lawson.info,+1-475-721-8367,2023-03-09,52246
176,Samantha George,Tour manager,thomasjay@scott-baker.com,+1-461-260-7388x78577,2021-04-24,44157
468,Diana Hutchinson,Primary school teacher,james40@williams-brewer.com,(710)219-4996,2023-12-26,60044
461,Heather Davis,Dietitian,solsen@smith.biz,5443343102,2024-05-29,75210
71,Amanda Martin,Animator,vgillespie@martinez.biz,648-309-0433x8239,2024-02-08,46185
21,Chase Heath,"Lecturer, higher education",yolandadougherty@carter.com,(765)885-7630,2023-03-12,3746
410,Patrick Collins,"Accountant, chartered management",ginamann@nelson.com,(212)770-5786x883,2021-01-11,80086
350,Jennifer Black,Secretary/administrator,andreaparker@mcdonald.com,985.572.9543,2024-03-16,42786
463,Omar Richardson,"Therapist, art",chad24@duncan-leonard.com,267.805.5451,2024-02-20,64802
198,Aaron Cross,Chiropractor,nmoore@medina-ramirez.net,527.633.5252,2020-04-18,74071
183,Joseph Perez,Media buyer,cstevens@davis-lowe.com,001-760-525-0474x19415,2024-06-21,81265
12,Dana Tucker,"Administrator, education",stuart22@taylor-gilbert.com,874.621.2195x590,2024-03-06,93050
45,Dylan Robinson,Geographical information systems officer,carlos00@hicks-williams.com,001-539-285-4459x32131,2022-04-18,13601
188,Donna Jackson,Passenger transport manager,meyersjeremy@miller-mills.com,(201)953-4894x7996,2021-09-13,50342
391,Jane Garcia,Licensed conveyancer,jonesadam@king.com,(422)691-6289x572,2023-06-07,32371
15,Christopher Kelly,"Editor, magazine features",mike47@daniel.com,+1-932-559-9146,2024-01-23,33642
382,Nancy Snow,Chiropractor,scott28@estrada-obrien.biz,001-624-627-7863,2020-09-30,89562
196,Christopher Hayden,Emergency planning/management officer,udavis@mendoza.com,001-854-781-3438,2022-03-10,12946
250,Stacey Burton,Electrical engineer,darylgeorge@miller.com,001-425-240-5816x897,2022-11-20,94817
25,Jonathan Griffin,Economist,pamelamckee@reed.org,+1-463-978-0607,2022-12-27,80110
452,Cynthia Johnson,"Therapist, sports",smithdaniel@gonzalez.org,+1-710-555-8717x571,2022-02-20,29910
497,Tiffany Ramirez,Operations geologist,matthewjordan@scott.org,900-596-6789,2021-02-12,70632
310,Alyssa Griffith,Ship broker,cowandaniel@sexton.org,+1-929-797-8412x6168,2022-02-11,18777
331,Laura Jimenez,Quantity surveyor,joseph81@hunt.info,001-426-835-3607,2023-10-07,91558
339,Jessica Duncan,Furniture conservator/restorer,yowen@reilly-caldwell.org,7112418163,2022-10-06,61570
232,Jacob Moore,Midwife,traceystafford@morrison-dixon.info,+1-847-236-3973x00908,2023-03-31,37352
75,Rebecca Schmidt,Pathologist,jeanette72@roberts.org,451-462-0472,2020-02-22,25851
411,David Stevens,"Social research officer, government",iferguson@coleman-murphy.com,(508)598-9345x087,2022-11-09,82794
427,Dana Mooney,Careers adviser,angelica30@reed.com,733-675-9315x08044,2021-06-07,65423
364,Samantha Kim,Forest/woodland manager,jpayne@solomon.com,669.690.1666,2022-10-30,73738
96,Catherine Mccoy,"Horticulturist, amenity",kimberly43@clark.com,294.247.1729,2022-08-04,16847
324,Nathan Robinson,"Teacher, music",hmerritt@graham-williams.com,265.348.6576,2023-03-28,37893
230,Amber Horton,"Radiographer, therapeutic",fischerhelen@hogan-mullins.biz,301.557.9443,2022-02-20,73521
132,Richard Duncan,Podiatrist,berryjane@gomez.com,(791)961-5785x083,2020-06-10,58124
37,Chloe Phillips,Building control surveyor,arthur23@foster-rodriguez.net,(447)574-7612,2021-02-13,52765
109,John Farmer,"Editor, film/video",hannah37@ashley.net,543-915-2924x0671,2021-10-12,36107
69,Christopher Huang,Chemical engineer,brownjamie@evans-pace.com,3617214571,2020-01-18,25092
191,Kara Clark,Geophysicist/field seismologist,hvargas@young-greer.net,+1-813-349-4102x8749,2021-11-07,40315
224,Andrew Porter,"Scientist, marine",williambooker@ramirez-duarte.com,+1-435-785-0727x8488,2021-08-26,566
254,Michael Meza,Optometrist,rodneywilson@warner.com,(771)679-6347,2020-01-28,18446
8,Michelle Alexander,Plant breeder/geneticist,robertholt@lewis-johnson.com,891.847.3192x51721,2023-09-07,36199
430,Angela Mullins,Ship broker,lijesus@king.com,001-269-594-1894,2022-09-02,31443
467,Rebecca Arnold,"Teacher, adult education",zpeterson@herrera.com,506.619.6515x9566,2021-07-01,81722
478,Nicholas Oliver,Forensic psychologist,henry93@elliott.net,(490)727-9229,2020-02-01,44495
82,Jennifer Reyes,Textile designer,dlopez@kennedy.com,+1-560-754-1612x82633,2021-11-17,28798
167,Hannah Blackwell,Company secretary,ambergraves@bolton.org,378-532-1306,2020-05-16,24429
156,Stephen Hernandez,Heritage manager,moranrobert@bruce.com,483.548.2195x7212,2020-09-14,55189
117,Edward Marshall,"Surveyor, rural practice",gbrown@jones-martinez.com,697.239.4707x1576,2023-06-22,13074
280,Robert Cain,Primary school teacher,graychelsey@bell-grant.net,3089649899,2023-08-05,45012
285,Ian Harris,Print production planner,robert82@hill.net,+1-647-923-6547,2021-02-13,67587
334,Tanya Haynes,Engineering geologist,ucastillo@long.com,537-480-2195,2022-06-26,8513
152,Pamela Sanchez,Astronomer,ejohnson@barnes-baker.com,+1-726-291-7065x589,2023-04-08,29032
436,Jonathan Mckay,Hotel manager,nicolegray@chung.net,397-430-7903,2023-12-31,18329
322,Jeanne Miles,Event organiser,juliejohnson@daugherty.com,+1-267-272-4225x5126,2020-06-12,7343
490,Dana Dean,Housing manager/officer,glindsey@jones.com,001-929-838-2371x98640,2023-10-05,2193
353,Melanie Powers,"Engineer, agricultural",gonzalezjason@reynolds-stone.biz,679.628.0565x176,2022-05-18,47121
408,Patricia Gray,Quantity surveyor,ericfields@combs-hall.com,2347676265,2022-01-27,4306
443,Karen Jones,Control and instrumentation engineer,charlesperez@fisher.com,(716)550-8218,2022-10-24,22074
342,Megan Anderson,Passenger transport manager,wendyporter@vaughn.net,726.738.4753x093,2022-10-08,58803
48,Eduardo Moore,Education administrator,micheledean@wolf.com,538.497.0436,2024-02-27,1929
384,Oscar Edwards,Jewellery designer,simsedward@pierce-rubio.com,975-654-5510,2022-08-23,1742
434,Jacob Cooley,"Horticulturist, amenity",blackcarrie@davis.net,001-868-991-2338x783,2020-09-14,17999
162,Dr. Walter Anderson Jr.,Futures trader,gshaw@bryant.com,001-683-260-1212x674,2022-06-14,51067
104,Cheryl Glenn,Clothing/textile technologist,yrowland@carroll-hood.biz,+1-729-331-4547x50969,2021-09-08,42213
429,Karen Fernandez,Metallurgist,debbie10@weber.com,+1-498-317-4323x004,2021-10-27,47517
241,Diana Mitchell,Office manager,kgeorge@horton.com,323.738.3405,2024-04-01,32383
17,Aaron Castro,Pension scheme manager,kimamanda@ayers-cline.com,(385)666-5467x5922,2021-01-09,11933
341,Frank Chen,"Education officer, museum",murphyjill@miller.com,472-322-3512x92866,2020-07-06,17845
121,Peggy Benson,Occupational psychologist,qpatton@hall.net,+1-722-829-1704x82769,2023-07-17,31954
142,Lisa Fields,Actuary,wolfandrea@barron-harris.info,(210)342-8690,2022-11-23,15373
498,Barbara Castillo,Barrister,rebekahabbott@smith.net,001-479-508-3872x69368,2022-03-12,49290
2,Jason Cunningham,Photographer,christopherrowe@mendez-kelly.com,405-444-5859,2022-10-13,36678
372,Tyler Gibson,"Psychologist, clinical",martinrobert@alvarado.com,9532237927,2024-03-20,45564
438,Andrea Garcia,Ceramics designer,coopermichael@perry.info,+1-849-407-5792,2020-02-24,98380
210,Nicholas Cummings,Broadcast journalist,veronicamarquez@williams.info,+1-620-763-5007x05437,2022-11-01,54651
172,Daniel Ruiz,Museum/gallery curator,benderwesley@malone.org,675-482-4381x9624,2021-01-19,54748
238,Ashley Nelson,Medical physicist,sharon78@wheeler.com,548-217-8401x734,2022-08-14,46101
51,Marissa Rivera,Social worker,klinedavid@murphy.com,(647)863-3120,2021-11-22,36404
291,Darlene Silva,"Presenter, broadcasting",rodriguezbrandon@becker.info,736.468.1486x451,2021-08-07,61185
239,James Farmer,"Engineer, water",fhuffman@fisher.biz,7363975757,2023-12-25,36220
269,Megan Ramsey,Health visitor,jessica31@cummings.biz,337-559-7954,2021-01-28,19111
396,Jennifer Brooks,"Programmer, applications",wellslarry@wade-reed.biz,316-582-1692,2021-12-20,16751
242,Jamie Davidson,Estate agent,cooperdiane@cross-warren.net,565-291-1329x47390,2020-08-29,31009
115,Andrea Powers,Agricultural consultant,gregory81@montes.org,(514)989-5371x1901,2024-05-26,19777
91,Amanda Washington,"Horticulturist, amenity",shafferjoshua@marks.com,660-240-3688,2021-08-12,70261
303,Gina Hoffman,"Therapist, music",harperjames@campbell.com,271.444.8762x4957,2023-03-23,86439
282,Barry Huynh,Medical illustrator,gross@knox-adams.com,399.984.0097x3495,2023-01-12,28562
332,Brandon Cantu,Quantity surveyor,arthuranderson@strong.com,(735)224-8207x08294,2021-06-01,88809
481,Renee Smith,Lexicographer,chasesilva@brown.com,001-446-563-7002,2021-08-08,87102
